map,targets,n_targets,to_land_use,to_income,anchor_scale,beta,pmin,pmax,inside_%,drifted_%,front_done,peak_lps,mean_lps,calibration,mass_err,dd_err,passed,fail
LR_LR_LR_LR_LR,A,1,mixed,low,0.05,0.0,29.41182518005371,48.455482482910156,100.0,100.0,True,686.7383208617427,314.88157196644084,1.0,0.0,1.6259215396043984e-07,True,
LR_LR_LR_LR_LR,A,1,mixed,low,0.05,0.25,29.108524322509766,48.45360565185547,100.0,100.0,True,693.8814454560402,319.64645386830557,1.0,1.0788092907887403e-07,1.6259215396043984e-07,True,
LR_LR_LR_LR_LR,A,1,mixed,low,0.05,0.5,28.71811866760254,48.45115661621094,100.0,100.0,True,702.9848527040177,325.7169750838002,1.0,0.0,1.6259215396043984e-07,True,
LR_LR_LR_LR_LR,A,1,mixed,low,0.05,0.75,28.21431541442871,48.44795608520508,100.0,100.0,True,714.5860676742946,333.4508976839276,1.0,0.0,1.6259215396043984e-07,True,
LR_LR_LR_LR_LR,A,1,mixed,low,0.05,1.0,27.562137603759766,48.443748474121094,100.0,100.0,True,729.3699535296948,343.3040151777092,1.0,0.0,1.6259215396043984e-07,True,
LR_LR_LR_LR_LR,A,1,commercial,low,0.05,0.0,29.571134567260742,48.4542236328125,100.0,100.0,True,682.9608250982849,314.59106703327245,1.0,0.0,1.6259215396043984e-07,True,
LR_LR_LR_LR_LR,A,1,commercial,low,0.05,0.25,29.13138771057129,48.45035934448242,100.0,100.0,True,693.3451515650322,322.5568742080324,1.0,0.0,1.6259215396043984e-07,True,
LR_LR_LR_LR_LR,A,1,commercial,low,0.05,0.5,28.476215362548828,48.44443130493164,100.0,100.0,True,708.5754174600157,334.23371702522616,1.0,0.0,1.6259215396043984e-07,True,
LR_LR_LR_LR_LR,A,1,commercial,low,0.05,0.75,27.493501663208008,48.43519592285156,100.0,100.0,True,730.9109261623425,351.35045801407097,1.0,0.0,1.6259215396043984e-07,True,
LR_LR_LR_LR_LR,A,1,commercial,low,0.05,1.0,26.005598068237305,48.42048645019531,100.0,100.0,True,763.6638876045604,376.44138598715244,1.0,1.881244031665119e-07,1.5462499335427235e-07,True,
LR_LR_LR_LR_LR,A,1,industrial,low,0.05,0.0,29.709203720092773,48.425315856933594,100.0,100.0,True,679.6725580910366,313.958865527059,1.0,0.0,1.6259215396043984e-07,True,
LR_LR_LR_LR_LR,A,1,industrial,low,0.05,0.25,29.066675186157227,48.387882232666016,100.0,100.0,True,694.8620972484048,327.1629615011566,1.0,2.1104978031871724e-07,1.6259215396043984e-07,True,
LR_LR_LR_LR_LR,A,1,industrial,low,0.05,0.5,27.878162384033203,48.30320739746094,100.0,100.0,True,722.2383667977329,350.9550755254625,1.0,9.935529021731782e-08,1.6259215396043984e-07,True,
LR_LR_LR_LR_LR,A,1,industrial,low,0.05,0.75,25.63785171508789,48.0973014831543,100.0,100.0,True,771.5758352801677,393.8254614160244,1.0,0.0,1.6259215396043984e-07,True,
LR_LR_LR_LR_LR,A,1,industrial,low,0.05,1.0,21.28449249267578,47.56294631958008,100.0,100.0,True,860.4876362812663,471.0724847166072,1.0,1.5342385495387134e-07,1.473166664213155e-07,True,
LR_LR_LR_LR_LR,B,1,mixed,low,0.05,0.0,32.696659088134766,48.44563293457031,100.0,100.0,True,612.2337716874363,309.5811229941834,1.0,1.104666011997324e-07,1.6259215396043984e-07,True,
LR_LR_LR_LR_LR,B,1,mixed,low,0.05,0.25,30.931659698486328,48.433563232421875,100.0,100.0,True,653.0888600998,337.5140952076933,1.0,1.0295175201235907e-07,1.6259215396043984e-07,True,
LR_LR_LR_LR_LR,B,1,mixed,low,0.05,0.5,28.540531158447266,48.41659164428711,100.0,100.0,True,705.1434023028575,373.1010633479891,1.0,9.47406775253512e-08,1.6259215396043984e-07,True,
LR_LR_LR_LR_LR,B,1,mixed,low,0.05,0.75,25.263813018798828,48.392425537109375,100.0,100.0,True,771.6812201100828,418.4393213657272,1.0,8.600195400276789e-08,1.632193064455473e-07,True,
LR_LR_LR_LR_LR,B,1,mixed,low,0.05,1.0,20.682462692260742,48.35758972167969,100.0,100.0,True,857.1104336942459,476.20084889960697,1.0,7.69583223814152e-08,1.5986143923058909e-07,True,
LR_LR_LR_LR_LR,B,1,commercial,low,0.05,0.0,33.56253433227539,48.43722915649414,100.0,100.0,True,591.2381518592288,307.8781078107629,1.0,0.0,1.6259215396043984e-07,True,
LR_LR_LR_LR_LR,B,1,commercial,low,0.05,0.25,31.02713966369629,48.41001510620117,100.0,100.0,True,650.9366787549119,354.575733282586,1.0,0.0,1.6259215396043984e-07,True,
LR_LR_LR_LR_LR,B,1,commercial,low,0.05,0.5,26.92671775817871,48.36214065551758,100.0,100.0,True,738.46386106349,423.02841116040423,1.0,0.0,1.8405046312406367e-07,True,
LR_LR_LR_LR_LR,B,1,commercial,low,0.05,0.75,11.936272621154785,48.27538299560547,100.0,100.0,True,947.3719454204314,523.3711815111516,1.0,0.0,1.2838285878284625e-07,True,
LR_LR_LR_LR_LR,B,1,commercial,low,0.05,1.0,-19.83842658996582,48.11396026611328,65.1654024441635,100.0,True,1312.3910783484012,670.4607019479483,1.0,2.2658889520243974e-07,1.6233096136943312e-07,False,"V3_floor,V4_band"
LR_LR_LR_LR_LR,B,1,industrial,low,0.05,0.0,34.27603530883789,48.161380767822266,100.0,100.0,True,573.3968842714835,304.1719787880295,1.0,1.1090915563727322e-07,1.6259215396043984e-07,True,
LR_LR_LR_LR_LR,B,1,industrial,low,0.05,0.25,30.545732498168945,47.6651725769043,100.0,100.0,True,661.7309169102556,381.577810358512,1.0,0.0,1.6259215396043984e-07,True,
LR_LR_LR_LR_LR,B,1,industrial,low,0.05,0.5,22.654401779174805,46.28187942504883,100.0,100.0,True,820.9055892147873,521.0533469256424,1.0,6.967095345089547e-08,1.6259215396043984e-07,True,
LR_LR_LR_LR_LR,B,1,industrial,low,0.05,0.75,3.0685536861419678,42.32107162475586,89.87041719342605,100.0,True,1107.7288410448607,772.3706560482175,1.0,9.73835412310109e-08,1.4940042180914328e-07,False,"V3_floor,V4_band"
LR_LR_LR_LR_LR,C,1,mixed,low,0.05,0.0,30.11945343017578,48.45426559448242,100.0,100.0,True,673.9385260037401,314.2818814000268,1.0,1.0934066807521958e-07,1.6259215396043984e-07,True,
LR_LR_LR_LR_LR,C,1,mixed,low,0.05,0.25,29.42871856689453,48.45062255859375,100.0,100.0,True,687.8871471268313,323.6347177344854,1.0,0.0,1.6259215396043984e-07,True,
LR_LR_LR_LR_LR,C,1,mixed,low,0.05,0.5,28.529903411865234,48.445804595947266,100.0,100.0,True,705.6602460024096,335.55035227962685,1.0,1.0356519197785019e-07,1.6259215396043984e-07,True,
LR_LR_LR_LR_LR,C,1,mixed,low,0.05,0.75,27.35435676574707,48.439361572265625,100.0,100.0,True,728.3060845670111,350.73102491582654,1.0,0.0,1.6259215396043984e-07,True,
LR_LR_LR_LR_LR,C,1,mixed,low,0.05,1.0,25.80764389038086,48.43067932128906,100.0,100.0,True,757.1602014383043,370.0713983398695,1.0,0.0,1.6259215396043984e-07,True,
LR_LR_LR_LR_LR,C,1,commercial,low,0.05,0.0,30.478784561157227,48.45172119140625,100.0,100.0,True,666.577102671952,313.7116584332805,1.0,1.094455228667357e-07,1.6259215396043984e-07,True,
LR_LR_LR_LR_LR,C,1,commercial,low,0.05,0.25,29.479658126831055,48.444026947021484,100.0,100.0,True,686.8678391725375,329.3474899841587,1.0,1.0510597547863654e-07,1.6259215396043984e-07,True,
LR_LR_LR_LR_LR,C,1,commercial,low,0.05,0.5,27.9653263092041,48.43181610107422,100.0,100.0,True,716.6191036083918,352.26759629984093,1.0,9.933255284977349e-08,1.6259215396043984e-07,True,
LR_LR_LR_LR_LR,C,1,commercial,low,0.05,0.75,25.63946533203125,48.41192626953125,100.0,100.0,True,760.2398937229914,385.86550708653454,1.0,0.0,1.6259215396043984e-07,True,
LR_LR_LR_LR_LR,C,1,commercial,low,0.05,1.0,22.00667953491211,48.378604888916016,100.0,100.0,True,824.1935703916962,435.1156978877121,1.0,8.287718600286098e-08,1.3627687860994975e-07,True,
LR_LR_LR_LR_LR,C,1,industrial,low,0.05,0.0,30.785768508911133,48.38824462890625,100.0,100.0,True,660.229103678929,312.4707300451712,1.0,0.0,1.6259215396043984e-07,True,
LR_LR_LR_LR_LR,C,1,industrial,low,0.05,0.25,29.321884155273438,48.29623031616211,100.0,100.0,True,690.0237364187872,338.3886333917129,1.0,2.0448895554636692e-07,1.6259215396043984e-07,True,
LR_LR_LR_LR_LR,C,1,industrial,low,0.05,0.5,26.535310745239258,48.06870651245117,100.0,100.0,True,743.7175406369333,385.0894232755132,1.0,0.0,1.6259215396043984e-07,True,
LR_LR_LR_LR_LR,C,1,industrial,low,0.05,0.75,21.040769577026367,47.47018814086914,100.0,100.0,True,840.4772477001802,469.23835101128486,1.0,7.665425272307402e-08,1.6259215396043984e-07,True,
LR_LR_LR_LR_LR,C,1,industrial,low,0.05,1.0,9.64441204071045,45.821205139160156,99.75242309313106,100.0,True,1014.839781552888,620.8640956014515,1.0,0.0,1.350195031680996e-07,True,
LR_LR_LR_LR_LR,D,1,mixed,low,0.05,0.0,31.282424926757812,48.44961166381836,100.0,100.0,True,655.1838807714156,312.47182248484563,1.0,1.0994902055472267e-07,1.5172653840404434e-07,True,
LR_LR_LR_LR_LR,D,1,mixed,low,0.05,0.25,29.796457290649414,48.44192123413086,100.0,100.0,True,682.8240539581228,330.62745114131974,1.0,1.0504545144840449e-07,1.5711200160878356e-07,True,
LR_LR_LR_LR_LR,D,1,mixed,low,0.05,0.5,27.815128326416016,48.431396484375,100.0,100.0,True,718.0381261681043,353.75795704045544,1.0,0.0,1.2928185818042272e-07,True,
LR_LR_LR_LR_LR,D,1,mixed,low,0.05,0.75,25.149293899536133,48.41682434082031,100.0,100.0,True,762.9014608218072,383.2265209372593,1.0,0.0,1.448279162909771e-07,True,
LR_LR_LR_LR_LR,D,1,mixed,low,0.05,1.0,21.527135848999023,48.39641189575195,100.0,100.0,True,820.0580999936948,420.76985275744494,1.0,0.0,1.551193382817334e-07,True,
LR_LR_LR_LR_LR,D,1,commercial,low,0.05,0.0,32.05457305908203,48.4444465637207,100.0,100.0,True,640.3530980453114,311.36491159007284,1.0,1.101473188214186e-07,1.6958895445360117e-07,True,
LR_LR_LR_LR_LR,D,1,commercial,low,0.05,0.25,29.927892684936523,48.427734375,100.0,100.0,True,680.4279054774897,341.7170252400292,1.0,0.0,1.3175149611742145e-07,True,
LR_LR_LR_LR_LR,D,1,commercial,low,0.05,0.5,26.579387664794922,48.39964294433594,100.0,100.0,True,739.170830728744,386.20929733307287,1.0,9.225193764450523e-08,1.628081961653876e-07,True,
LR_LR_LR_LR_LR,D,1,commercial,low,0.05,0.75,21.184406280517578,48.35092544555664,100.0,100.0,True,825.2784724749758,451.4292124543471,1.0,8.081111246838191e-08,1.1251319723943654e-07,True,
LR_LR_LR_LR_LR,D,1,commercial,low,0.05,1.0,7.892401695251465,48.26383972167969,98.59882005899705,100.0,True,972.5385993954359,547.033170812124,1.0,0.0,1.478907028226127e-07,True,
LR_LR_LR_LR_LR,D,1,industrial,low,0.05,0.0,32.73335266113281,48.292503356933594,100.0,100.0,True,627.0292875848011,308.9560343042828,1.0,0.0,1.316986776168087e-07,True,
LR_LR_LR_LR_LR,D,1,industrial,low,0.05,0.25,29.660888671875,48.03993225097656,100.0,100.0,True,685.3073434760461,359.2675988272861,1.0,0.0,1.350276340920429e-07,True,
LR_LR_LR_LR_LR,D,1,industrial,low,0.05,0.5,23.445842742919922,47.36331558227539,100.0,100.0,True,790.3071627338621,449.92268662888256,1.0,0.0,1.3191343978348973e-07,True,
LR_LR_LR_LR_LR,D,1,industrial,low,0.05,0.75,10.100830078125,45.4755744934082,100.0,100.0,True,979.4903123142402,613.2717103023087,1.0,6.066609614663321e-08,1.4067473657080042e-07,True,
LR_LR_LR_LR_LR,D,1,industrial,low,0.05,1.0,-20.720258712768555,40.06755828857422,58.65465655288664,100.0,True,1320.3566482590095,907.6060293364319,1.0,8.456370181875172e-08,1.586270415444577e-07,False,"V3_floor,V4_band"
LR_LR_LR_LR_LR,E,1,mixed,low,0.05,0.0,32.31093215942383,48.44710159301758,100.0,100.0,True,636.4884791012415,312.8991660725857,1.0,0.0,1.6259215396043984e-07,True,
LR_LR_LR_LR_LR,E,1,mixed,low,0.05,0.25,30.59303855895996,48.4374885559082,100.0,100.0,True,668.646187426424,334.8461426650566,1.0,0.0,1.6259215396043984e-07,True,
LR_LR_LR_LR_LR,E,1,mixed,low,0.05,0.5,28.2761287689209,48.424171447753906,100.0,100.0,True,709.6231142402423,362.8068749065878,1.0,9.7451696490225e-08,1.6259215396043984e-07,True,
LR_LR_LR_LR_LR,E,1,mixed,low,0.05,0.75,25.11841583251953,48.405513763427734,100.0,100.0,True,761.8368163685855,398.42920968188434,1.0,9.010978629930833e-08,1.6259215396043984e-07,True,
LR_LR_LR_LR_LR,E,1,mixed,low,0.05,1.0,20.638628005981445,48.379539489746094,100.0,100.0,True,830.4447987089347,443.8125252503688,1.0,0.0,1.6501471996800205e-07,True,
LR_LR_LR_LR_LR,E,1,commercial,low,0.05,0.0,33.16115188598633,48.44071578979492,100.0,100.0,True,619.918805278494,311.5611045844826,1.0,1.1025512947071547e-07,1.6259215396043984e-07,True,
LR_LR_LR_LR_LR,E,1,commercial,low,0.05,0.25,30.688892364501953,48.41960906982422,100.0,100.0,True,666.8921291155659,348.2514963308501,1.0,0.0,1.6259215396043984e-07,True,
LR_LR_LR_LR_LR,E,1,commercial,low,0.05,0.5,26.722925186157227,48.383426666259766,100.0,100.0,True,735.7740462063144,402.03486415841775,1.0,8.92366074367601e-08,1.6259215396043984e-07,True,
LR_LR_LR_LR_LR,E,1,commercial,low,0.05,0.75,18.281736373901367,48.3203125,100.0,100.0,True,842.1883617357046,480.8743236788202,1.0,7.652433708926765e-08,1.3367735838556806e-07,True,
LR_LR_LR_LR_LR,E,1,commercial,low,0.05,1.0,-6.156429767608643,48.20616912841797,80.16750948166877,100.0,True,1096.887593337628,596.4427722259045,1.0,1.266097910956887e-07,1.630135517051367e-07,False,"V3_floor,V4_band"
LR_LR_LR_LR_LR,E,1,industrial,low,0.05,0.0,33.86198425292969,48.24184036254883,100.0,100.0,True,605.8664175097516,308.6491936611162,1.0,0.0,1.6259215396043984e-07,True,
LR_LR_LR_LR_LR,E,1,industrial,low,0.05,0.25,30.226848602294922,47.9015998840332,100.0,100.0,True,675.2878661133032,369.46706726987185,1.0,0.0,1.6259215396043984e-07,True,
LR_LR_LR_LR_LR,E,1,industrial,low,0.05,0.5,22.639965057373047,46.97618865966797,100.0,100.0,True,800.3911351594304,479.0531976989367,1.0,7.560685588714477e-08,1.6259215396043984e-07,True,
LR_LR_LR_LR_LR,E,1,industrial,low,0.05,0.75,5.729856967926025,44.36601257324219,95.90181205225453,100.0,True,1025.8309943279835,676.5135702807083,1.0,1.1080064865609529e-07,1.548373246015281e-07,False,V4_band
LR_LR_LR_LR_LR,A+D,2,mixed,low,0.05,0.0,31.817556381225586,48.44728469848633,100.0,100.0,True,641.8923501721085,311.2783491590053,1.0,0.0,1.5172653840404434e-07,True,
LR_LR_LR_LR_LR,A+D,2,mixed,low,0.05,0.25,30.054113388061523,48.43727493286133,100.0,100.0,True,676.6756479531132,334.19885971734425,1.0,1.0400359684581417e-07,1.5711200160878356e-07,True,
LR_LR_LR_LR_LR,A+D,2,mixed,low,0.05,0.5,27.685148239135742,48.42337417602539,100.0,100.0,True,720.9931274110722,363.3998868319745,1.0,9.70842179981446e-08,1.2928185818042272e-07,True,
LR_LR_LR_LR_LR,A+D,2,mixed,low,0.05,0.75,24.470808029174805,48.4038200378418,100.0,100.0,True,777.4576770350519,400.60237332890586,1.0,8.949832874804997e-08,1.448279162909771e-07,True,
LR_LR_LR_LR_LR,A+D,2,mixed,low,0.05,1.0,20.062488555908203,48.37599182128906,100.0,100.0,True,849.3982020623396,447.99882264287305,1.0,8.139554097397195e-08,1.551193382817334e-07,True,
LR_LR_LR_LR_LR,A+D,2,commercial,low,0.05,0.0,32.72666931152344,48.440589904785156,100.0,100.0,True,623.2840716825465,309.88093333106417,1.0,1.1042107672665225e-07,1.6958895445360117e-07,True,
LR_LR_LR_LR_LR,A+D,2,commercial,low,0.05,0.25,30.207090377807617,48.418521881103516,100.0,100.0,True,673.743205581472,348.19885415578057,1.0,1.0039143916173998e-07,1.3175149611742145e-07,True,
LR_LR_LR_LR_LR,A+D,2,commercial,low,0.05,0.5,26.1928768157959,48.380470275878906,100.0,100.0,True,747.7163967277099,404.3679690660179,1.0,8.859530709059982e-08,1.628081961653876e-07,True,
LR_LR_LR_LR_LR,A+D,2,commercial,low,0.05,0.75,18.64139747619629,48.31282043457031,100.0,100.0,True,866.150528831608,486.704625176137,1.0,0.0,1.1251319723943654e-07,True,
LR_LR_LR_LR_LR,A+D,2,commercial,low,0.05,1.0,-3.2296807765960693,48.18906784057617,79.37210282343025,100.0,True,1142.430625929872,607.3995115069954,1.0,0.0,1.478907028226127e-07,False,"V3_floor,V4_band"
LR_LR_LR_LR_LR,A+D,2,industrial,low,0.05,0.0,33.518714904785156,48.23039245605469,100.0,100.0,True,606.6719942147879,306.83985453906064,1.0,1.1050673975887548e-07,1.316986776168087e-07,True,
LR_LR_LR_LR_LR,A+D,2,industrial,low,0.05,0.25,29.87825584411621,47.86435317993164,100.0,100.0,True,680.139589263401,370.3555150361615,1.0,9.433158965066468e-08,1.350276340920429e-07,True,
LR_LR_LR_LR_LR,A+D,2,industrial,low,0.05,0.5,22.375011444091797,46.860599517822266,100.0,100.0,True,812.515678070545,484.8027168620639,1.0,7.464446838412186e-08,1.3191343978348973e-07,True,
LR_LR_LR_LR_LR,A+D,2,industrial,low,0.05,0.75,5.880980491638184,44.016510009765625,96.74989464812474,100.0,True,1051.0362961333576,691.0221264260521,1.0,0.0,1.4067473657080042e-07,False,V4_band
LR_LR_LR_LR_LR,A+B+C+D+E,5,mixed,low,0.05,0.0,30.78935432434082,48.4178581237793,100.0,100.0,True,660.0721887880209,299.8153837489577,1.0,0.0,1.5172653840404434e-07,True,
LR_LR_LR_LR_LR,A+B+C+D+E,5,mixed,low,0.05,0.25,20.766199111938477,48.37137222290039,100.0,100.0,True,840.937029355537,381.96867944773606,1.0,9.275372292449902e-08,1.5711200160878356e-07,True,
LR_LR_LR_LR_LR,A+B+C+D+E,5,mixed,low,0.05,0.5,5.070487976074219,48.29857635498047,92.56742520016856,100.0,True,1071.3604008672714,486.63304148933474,1.0,7.54696500848695e-08,1.2928185818042272e-07,False,V4_band
LR_LR_LR_LR_LR,A+B+C+D+E,5,commercial,low,0.05,0.0,26.287456512451172,48.38684844970703,100.0,100.0,True,746.0729641569615,294.8066682827467,1.0,0.0,1.6958895445360117e-07,True,
LR_LR_LR_LR_LR,A+B+C+D+E,5,commercial,low,0.05,0.25,3.397885322570801,48.27024841308594,88.34808259587021,100.0,True,1093.6391941776285,432.14843787653194,1.0,8.315186050822376e-08,1.3175149611742145e-07,False,"V3_floor,V4_band"
LR_LR_LR_LR_LR,A+B+C+D+E,5,industrial,low,0.05,0.0,42.8157958984375,46.8936767578125,100.0,100.0,True,357.53911179888826,283.9066211565342,1.0,0.0,1.1945115886156008e-07,True,
LR_LR_LR_LR_LR,A+B+C+D+E,5,industrial,low,0.05,0.25,31.58539390563965,43.72001266479492,100.0,100.0,True,644.2346698491006,511.56389017941495,1.0,0.0,1.350276340920429e-07,True,
LR_LR_LR_LR_LR,A+B+C+D+E,5,industrial,low,0.05,0.5,-1.8332234621047974,34.2759895324707,66.90370838600927,100.0,True,1160.8194987154748,921.7735488853128,1.0,0.0,1.3191343978348973e-07,False,"V3_floor,V4_band"
LR_LM_LC_LR_LR,A,1,mixed,low,0.05,0.0,34.815277099609375,48.4365119934082,100.0,100.0,True,561.5025060166641,306.0242628093424,1.0,1.0983866616243176e-07,1.6259215396043984e-07,True,
LR_LM_LC_LR_LR,A,1,mixed,low,0.05,0.25,35.682228088378906,48.43132781982422,100.0,100.0,True,548.8650884085619,308.91763930215154,0.8717672077939201,1.0872154376784238e-07,1.2706782333153942e-07,True,
LR_LM_LC_LR_LR,A,1,mixed,low,0.05,0.5,36.5040168762207,48.425941467285156,100.0,100.0,True,544.7549521817923,311.5237107409924,0.7436077341569077,1.0769642955210657e-07,1.308693263033811e-07,True,
LR_LM_LC_LR_LR,A,1,mixed,low,0.05,0.75,35.597103118896484,48.42057418823242,100.0,100.0,True,568.7729542442866,313.6971395134672,0.6204383761886211,2.1361566382438468e-07,1.4695333591585255e-07,True,
LR_LM_LC_LR_LR,A,1,mixed,low,0.05,1.0,34.26677703857422,48.415435791015625,100.0,100.0,True,600.0696035982376,315.3322800423995,0.5065819095692691,1.0608685840907128e-07,1.395551775315673e-07,True,
LR_LM_LC_LR_LR,A,1,commercial,low,0.05,0.0,34.94542694091797,48.4350471496582,100.0,100.0,True,557.8374320472726,305.733757876174,1.0,1.0989350585077773e-07,1.6259215396043984e-07,True,
LR_LM_LC_LR_LR,A,1,commercial,low,0.05,0.25,35.69476318359375,48.42794418334961,100.0,100.0,True,548.5061108356007,311.45484831522185,0.8717672077939201,0.0,1.2706782333153942e-07,True,
LR_LM_LC_LR_LR,A,1,commercial,low,0.05,0.5,36.1264533996582,48.41991424560547,100.0,100.0,True,556.8772432142725,317.8568259184552,0.7436077341569077,0.0,1.308693263033811e-07,True,
LR_LM_LC_LR_LR,A,1,commercial,low,0.05,0.75,34.3181266784668,48.411102294921875,100.0,100.0,True,603.4026166611804,324.8027136591917,0.6204383761886211,1.0382733250935416e-07,1.4695333591585255e-07,True,
LR_LM_LC_LR_LR,A,1,commercial,low,0.05,1.0,32.352073669433594,48.4017333984375,100.0,100.0,True,649.1752567966366,332.1190726251521,0.5065819095692691,0.0,1.395551775315673e-07,True,
LR_LM_LC_LR_LR,A,1,industrial,low,0.05,0.0,35.06449508666992,48.401546478271484,100.0,100.0,True,554.4662922592734,305.1015563699606,1.0,1.0991463028631188e-07,1.6259215396043984e-07,True,
LR_LM_LC_LR_LR,A,1,industrial,low,0.05,0.25,35.65167236328125,48.36629867553711,100.0,100.0,True,549.7394580063792,315.4702841736037,0.8717672077939201,1.0662991911658537e-07,1.2706782333153942e-07,True,
LR_LM_LC_LR_LR,A,1,industrial,low,0.05,0.5,36.02231979370117,48.3087043762207,100.0,100.0,True,555.0866231962524,330.29095742484134,0.7436077341569077,0.0,1.308693263033811e-07,True,
LR_LM_LC_LR_LR,A,1,industrial,low,0.05,0.75,34.6351432800293,48.213340759277344,100.0,100.0,True,594.9793625516716,351.1558357985058,0.6204383761886211,9.69906039927082e-08,1.4750137186534396e-07,True,
LR_LM_LC_LR_LR,A,1,industrial,low,0.05,1.0,31.92540168762207,48.05454635620117,100.0,100.0,True,659.6914367891261,380.05747532415745,0.5065819095692691,0.0,1.4251747621710565e-07,True,
LR_LM_LC_LR_LR,B,1,mixed,low,0.05,0.0,34.215919494628906,48.4388313293457,100.0,100.0,True,578.1246803721444,307.2177361351828,1.0,0.0,1.6259215396043984e-07,True,
LR_LM_LC_LR_LR,B,1,mixed,low,0.05,0.25,35.39035415649414,48.43535232543945,100.0,100.0,True,557.1687625999128,305.8042024199395,0.8717672077939201,1.1000764743585023e-07,1.2706782333153942e-07,True,
LR_LM_LC_LR_LR,B,1,mixed,low,0.05,0.5,36.504722595214844,48.43171310424805,100.0,100.0,True,535.9220428416826,304.35389717582086,0.7436077341569077,0.0,1.308693263033811e-07,True,
LR_LM_LC_LR_LR,B,1,mixed,low,0.05,0.75,36.97249221801758,48.4279670715332,100.0,100.0,True,530.0591412337229,302.91649387070095,0.6204383761886211,1.1023451662595107e-07,1.4695333591585255e-07,True,
LR_LM_LC_LR_LR,B,1,mixed,low,0.05,1.0,35.83639144897461,48.42423629760742,100.0,100.0,True,557.22500890353,301.5385764822352,0.5065819095692691,1.1033148439310025e-07,1.395551775315673e-07,True,
